-- Insertion for Users
INSERT INTO [User] (user_id, first_name, last_name, email, [password], city, [state], date_of_birth) VALUES
   (1, 'Jeff', 'Cooper', 'jeff.cooper@gmail.com', '2jR^h8W$zQv', 'New York', 'NY', '1990-05-12'),
   (2, 'Allison', 'Jones', 'allison.jones.com', 'P@5sW0rd$8H!v', 'Los Angeles', 'CA', '1988-09-30'),
   (3, 'Michael', 'Johnson', 'michael.johnson@hotmail.com', 'W3!zKj9@pF7$', 'Chicago', 'IL', '1992-02-17'),
   (4, 'Emily', 'Davis', 'emily.davis@outlook.com', '7!eR#c8Zq@H2', 'Houston', 'TX', '1995-07-21'),
   (5, 'David', 'Brown', 'david.brown@live.com', 'bY5*#fG9$z3V', 'Phoenix', 'AZ', '1989-04-11'),
   (6, 'Sarah', 'Jones', 'sarah.jones@icloud.com', '6^V@qR3&zL1*', 'Philadelphia', 'PA', '1993-03-14'),
   (7, 'Matthew', 'Garcia', 'matthew.garcia@gmail.com', 'T#8kQ1!fH$7P', 'San Antonio', 'TX', '1994-12-25'),
   (8, 'Ashley', 'Martinez', 'ashley.martinez@aol.com', '2q%Y7*R@wK6$!', 'San Diego', 'CA', '1991-06-07'),
   (9, 'Joshua', 'Rodriguez', 'joshua.rodriguez@protonmail.com', 'xZ8#1!vP9@W5', 'Dallas', 'TX', '1990-11-19'),
   (10, 'Amanda', 'Wilson', 'amanda.wilson@yahoo.com', 'P@3wR#5K8%tQ', 'San Jose', 'CA', '1995-08-03'),
   (11, 'Christopher', 'Nguyen', 'christopher.nguyen@hotmail.com', 'G2&vP5!nW#8x', 'Austin', 'TX', '1987-10-12'),
   (12, 'Jessica', 'Taylor', 'jessica.taylor@outlook.com', 'z@8Q1*vF3!hR', 'Jacksonville', 'FL', '1994-05-22'),
   (13, 'Daniel', 'Thomas', 'daniel.thomas@gmail.com', 'T9!kR2#fL8^z', 'Columbus', 'OH', '1992-09-08'),
   (14, 'Laura', 'Moore', 'laura.moore@icloud.com', 'D5&xF9!jT7$1', 'Charlotte', 'NC', '1990-07-18'),
   (15, 'James', 'Hernandez', 'james.hernandez@live.com', 'J8@kQ2#nV5%t', 'Fort Worth', 'TX', '1993-12-05'),
   (16, 'Olivia', 'Lopez', 'olivia.lopez@yahoo.com', '6!mN4#V9$yT8', 'Indianapolis', 'IN', '1989-03-29'),
   (17, 'William', 'Gonzalez', 'william.gonzalez@gmail.com', '8&zF7*R6@vQ5', 'Seattle', 'WA', '1991-10-15'),
   (18, 'Sophia', 'Perez', 'sophia.perez@hotmail.com', '2Q^6f!T9$kM4', 'Denver', 'CO', '1995-01-23'),
   (19, 'Benjamin', 'Young', 'benjamin.young@aol.com', 'T1!cN8$wY5&z', 'El Paso', 'TX', '1992-02-05'),
   (20, 'Mia', 'Hall', 'mia.hall@live.com', 'W3^tY9#vQ7*F', 'Washington', 'DC', '1990-04-13'),
   (21, 'Alexander', 'King', 'alexander.king@gmail.com', 'M5@dY2%qR8^n', 'Boston', 'MA', '1988-06-27'),
   (22, 'Ava', 'Scott', 'ava.scott@yahoo.com', 'H3!kW9^xT6&z', 'Detroit', 'MI', '1993-08-09'),
   (23, 'Ethan', 'Green', 'ethan.green@hotmail.com', 'L4@dY2#zM8^k', 'Memphis', 'TN', '1989-09-25'),
   (24, 'Isabella', 'Baker', 'isabella.baker@outlook.com', 'G7^nT6&fQ9@3', 'Nashville', 'TN', '1994-10-19'),
   (25, 'Lucas', 'Adams', 'lucas.adams@icloud.com', 'T2@xF8^vM5#n', 'Portland', 'OR', '1991-12-30'),
   (26, 'Mia', 'Kim', 'mia.kim@gmail.com', 'B8^tG6&zR4#k', 'Oklahoma City', 'OK', '1987-08-17'),
   (27, 'Mason', 'Carter', 'mason.carter@yahoo.com', 'H5!vL2$kQ9@x', 'Las Vegas', 'NV', '1990-01-11'),
   (28, 'Lily', 'Mitchell', 'lily.mitchell@hotmail.com', 'D9^nT5&vF2#z', 'Louisville', 'KY', '1995-03-06'),
   (29, 'Jacob', 'Perez', 'jacob.perez@live.com', 'R4@wM8#kN1%f', 'Baltimore', 'MD', '1988-11-02'),
   (30, 'Grace', 'Martinez', 'grace.martinez@aol.com', 'V3^tF1&zK8@5', 'Milwaukee', 'WI', '1992-05-25'),
   (31, 'Henry', 'White', 'henry.white@gmail.com', 'L6^jT7&yK9@1', 'Albuquerque', 'NM', '1993-04-14'),
   (32, 'Ella', 'Clark', 'ella.clark@yahoo.com', 'D8!fN2$zR5^k', 'Fresno', 'CA', '1990-09-10'),
   (33, 'Noah', 'Lewis', 'noah.lewis@hotmail.com', 'T1&kG4%vN6^z', 'Sacramento', 'CA', '1994-07-01'),
   (34, 'Zoe', 'Robinson', 'zoe.robinson@outlook.com', 'R9^fJ8@kQ7*3', 'Kansas City', 'MO', '1991-06-11'),
   (35, 'Logan', 'Walker', 'logan.walker@icloud.com', 'H4%wY3^tM2#k', 'Mesa', 'AZ', '1989-02-16'),
   (36, 'Chloe', 'Hall', 'chloe.hall@gmail.com', 'F3$kG1@zY6^v', 'Tucson', 'AZ', '1992-08-22'),
   (37, 'Aiden', 'Martinez', 'aiden.martinez@yahoo.com', 'L5^jW9@hK4*z', 'Virginia Beach', 'VA', '1988-05-04'),
   (38, 'Sofia', 'Thompson', 'sofia.thompson@hotmail.com', 'D9%rP6*eF2#k', 'Atlanta', 'GA', '1991-07-15'),
   (39, 'Liam', 'Anderson', 'liam.anderson@outlook.com', 'Q1^kY4$zM8&t', 'Colorado Springs', 'CO', '1990-11-09'),
   (40, 'Mia', 'Garcia', 'mia.garcia@live.com', 'H2*kF7^wD6#r', 'Omaha', 'NE', '1989-12-01'),
   (41, 'Oliver', 'Roberts', 'oliver.roberts@gmail.com', 'G4%pN8^tY7@x', 'Kansas City', 'KS', '1993-04-08'),
   (42, 'Isabella', 'Harris', 'isabella.harris@yahoo.com', 'V3&jX2%tK5^d', 'Miami', 'FL', '1995-01-18'),
   (43, 'Elijah', 'Scott', 'elijah.scott@hotmail.com', 'R8^mD3$wF1@z', 'Cleveland', 'OH', '1987-09-23'),
   (44, 'Amelia', 'Young', 'amelia.young@outlook.com', 'S2#nF6*eK3%v', 'Tulsa', 'OK', '1994-03-12'),
   (45, 'James', 'Adams', 'james.adams@live.com', 'F9!hK2@xT7&v', 'Raleigh', 'NC', '1988-10-04'),
   (46, 'Ava', 'King', 'ava.king@gmail.com', 'H7^xQ9$dL1@t', 'New Orleans', 'LA', '1990-06-15'),
   (47, 'Charlotte', 'Nelson', 'charlotte.nelson@yahoo.com', 'P5#kB8%zR4^w', 'Atlanta', 'GA', '1992-02-20'),
   (48, 'Jack', 'Baker', 'jack.baker@hotmail.com', 'Z6^yK3*qM5@d', 'Phoenix', 'AZ', '1993-12-11'),
   (49, 'Lucas', 'Green', 'lucas.green@outlook.com', 'J3$gN2#yR8&k', 'Tampa', 'FL', '1991-11-29'),
   (50, 'Emily', 'Carter', 'emily.carter@gmail.com', 'Y5^rL6$dW9*t', 'Minneapolis', 'MN', '1988-08-25'),
   (51, 'Madison', 'Morris', 'madison.morris@yahoo.com', 'T7$kF1!jH8^n', 'Virginia Beach', 'VA', '1994-03-31'),
   (52, 'Benjamin', 'Evans', 'benjamin.evans@hotmail.com', 'D9!zN4*pR5&k', 'Bakersfield', 'CA', '1987-04-16'),
   (53, 'Ella', 'Torres', 'ella.torres@live.com', 'K2%vT8*jN6^w', 'Wichita', 'KS', '1992-07-20'),
   (54, 'David', 'Parker', 'david.parker@gmail.com', 'S5&jF3#vM1@z', 'Santa Ana', 'CA', '1990-05-03'),
   (55, 'Grace', 'Wood', 'grace.wood@yahoo.com', 'C1^nD8@rF7*t', 'Anaheim', 'CA', '1995-06-14'),
   (56, 'Matthew', 'Hughes', 'matthew.hughes@hotmail.com', 'N3#rP2!dK6^j', 'Tucson', 'AZ', '1989-12-28'),
   (57, 'Samantha', 'Flores', 'samantha.flores@outlook.com', 'E4!kQ1*vN7&y', 'Fresno', 'CA', '1991-02-12'),
   (58, 'Jackson', 'Gonzalez', 'jackson.gonzalez@gmail.com', 'R3#pT5!nK8^w', 'Henderson', 'NV', '1988-10-09'),
   (59, 'Avery', 'Clark', 'avery.clark@yahoo.com', 'D9^hJ7&fY2@x', 'Chula Vista', 'CA', '1994-11-27'),
   (60, 'Henry', 'Rodriguez', 'henry.rodriguez@hotmail.com', 'B8*nT3$gQ5^k', 'Baton Rouge', 'LA', '1993-03-18'),
   (61, 'Layla', 'Richardson', 'layla.richardson@live.com', 'S1^jM8$dF6&v', 'Phoenix', 'AZ', '1987-06-15'),
   (62, 'Elena', 'Morgan', 'elena.morgan@gmail.com', 'H4&kG5*eP7^n', 'Atlanta', 'GA', '1990-08-30'),
   (63, 'Gabriel', 'Perez', 'gabriel.perez@yahoo.com', 'M8@dL1^qJ3$k', 'San Francisco', 'CA', '1995-01-02'),
   (64, 'Scarlett', 'Bennett', 'scarlett.bennett@hotmail.com', 'C3#rT6!nW9^f', 'Orlando', 'FL', '1989-05-05'),
   (65, 'Zoe', 'Diaz', 'zoe.diaz@outlook.com', 'K7$hM2!fQ8&r', 'Stockton', 'CA', '1993-07-22'),
   (66, 'Daniel', 'Price', 'daniel.price@gmail.com', 'F9@rW4&hN6!t', 'Irvine', 'CA', '1988-11-18'),
   (67, 'Natalie', 'Howard', 'natalie.howard@yahoo.com', 'Q1^kD8%gW2&r', 'San Bernardino', 'CA', '1992-09-06'),
   (68, 'Sebastian', 'Gonzalez', 'sebastian.gonzalez@hotmail.com', 'R5#jN3*dH8&y', 'Chandler', 'AZ', '1989-10-27'),
   (69, 'Savannah', 'Wright', 'savannah.wright@live.com', 'D6!kT1^hP9&r', 'Fort Worth', 'TX', '1994-06-09'),
   (70, 'David', 'Lopez', 'david.lopez@gmail.com', 'P8@zK6*wQ4^h', 'Boston', 'MA', '1988-03-14');

-- Insertion for Airport
INSERT INTO Airport (airport_id, [name], city, [state]) VALUES
   ('JFK', 'John F. Kennedy International Airport', 'New York City', 'New York'),
   ('LAX', 'Los Angeles International Airport', 'Los Angeles', 'California'),
   ('ORD', 'OHare International Airport', 'Chicago', 'Illinois'),
   ('IAH', 'George Bush Intercontinental Airport', 'Houston', 'Texas'),
   ('PHX', 'Phoenix Sky Harbor International Airport', 'Phoenix', 'Arizona'),
   ('PHL', 'Philadelphia International Airport', 'Philadelphia', 'Pennsylvania'),
   ('SAT', 'San Antonio International Airport', 'San Antonio', 'Texas'),
   ('SAN', 'San Diego International Airport', 'San Diego', 'California'),
   ('MIA', 'Miami International Airport', 'Miami', 'Florida'),--
   ('SJC', 'Norman Y. Mineta San Jose International Airport', 'San Jose', 'California'),
   ('AUS', 'Austin-Bergstrom International Airport', 'Austin', 'Texas'),
   ('MCO', 'Orlando International Airport', 'Orlando', 'Florida'),
   ('DFW', 'Dallas/Fort Worth International Airport', 'Dallas', 'Texas'),
   ('CMH', 'John Glenn Columbus International Airport', 'Columbus', 'Ohio'),
   ('CLT', 'Charlotte Douglas International Airport', 'Charlotte', 'North Carolina'),
   ('SFO', 'San Francisco International Airport', 'San Francisco', 'California'),
   ('IND', 'Indianapolis International Airport', 'Indianapolis', 'Indiana'),
   ('SEA', 'Seattle-Tacoma International Airport', 'Seattle', 'Washington'),
   ('DEN', 'Denver International Airport', 'Denver', 'Colorado'),
   ('IAD', 'Washington Dulles International Airport', 'Washington', 'District of Columbia'),
   ('BOS', 'Logan International Airport', 'Boston', 'Massachusetts'),
   ('ELP', 'El Paso International Airport', 'El Paso', 'Texas'),
   ('BNA', 'Nashville International Airport', 'Nashville', 'Tennessee'),
   ('DTW', 'Detroit Metropolitan Wayne County Airport', 'Detroit', 'Michigan'),
   ('LAS', 'McCarran International Airport', 'Las Vegas', 'Nevada'),
   ('PDX', 'Portland International Airport', 'Portland', 'Oregon'),
   ('MEM', 'Memphis International Airport', 'Memphis', 'Tennessee'),
   ('OKC', 'Will Rogers World Airport', 'Oklahoma City', 'Oklahoma'),
   ('SDF', 'Louisville Muhammad Ali International Airport', 'Louisville', 'Kentucky'),
   ('BWI', 'Baltimore/Washington International Thurgood Marshall Airport', 'Baltimore', 'Maryland');

-- Insertion for Activity
INSERT INTO Activity (activity_id, name, category) VALUES
    -- New York City
    (1, 'Visit the Statue of Liberty', 'Sightseeing'),
    (2, 'Explore Central Park', 'Outdoor'),
    (3, 'See a Broadway Show', 'Entertainment'),

    -- Los Angeles
    (4, 'Tour Hollywood Studios', 'Sightseeing'),
    (5, 'Relax at Santa Monica Beach', 'Outdoor'),
    (6, 'Visit Griffith Observatory', 'Education'),

    -- Chicago
    (7, 'Visit the Art Institute of Chicago', 'Cultural'),
    (8, 'Explore Millennium Park', 'Outdoor'),
    (9, 'Take an Architecture River Cruise', 'Sightseeing'),

    -- Houston
    (10, 'Visit Space Center Houston', 'Education'),
    (11, 'Explore the Houston Museum District', 'Cultural'),
    (12, 'Relax in Hermann Park', 'Outdoor'),

    -- Phoenix
    (13, 'Hike Camelback Mountain', 'Outdoor'),
    (14, 'Visit the Desert Botanical Garden', 'Cultural'),
    (15, 'Explore the Heard Museum', 'Cultural'),

    -- Philadelphia
    (16, 'Visit the Liberty Bell', 'Historical'),
    (17, 'Explore the Philadelphia Museum of Art', 'Cultural'),
    (18, 'Walk the Schuylkill River Trail', 'Outdoor'),

    -- San Antonio
    (19, 'Visit the Alamo', 'Historical'),
    (20, 'Explore the River Walk', 'Sightseeing'),
    (21, 'Visit the San Antonio Missions', 'Cultural'),

    -- San Diego
    (22, 'Relax at Balboa Park', 'Outdoor'),
    (23, 'Visit the San Diego Zoo', 'Cultural'),
    (24, 'Explore La Jolla Cove', 'Outdoor'),

    -- Miami
    (25, 'Relax at South Beach', 'Outdoor'),
    (26, 'Explore Art Deco Historic District', 'Cultural'),
    (27, 'Visit Vizcaya Museum and Gardens', 'Cultural'),

    -- San Jose
    (28, 'Visit the Tech Museum of Innovation', 'Education'),
    (29, 'Explore the Winchester Mystery House', 'Cultural'),
    (30, 'Relax at Almaden Quicksilver County Park', 'Outdoor'),

    -- Austin
    (31, 'Visit the Texas State Capitol', 'Historical'),
    (32, 'Explore Lady Bird Lake', 'Outdoor'),
    (33, 'Experience live music on Sixth Street', 'Entertainment'),

    -- Orlando
    (34, 'Visit Walt Disney World', 'Entertainment'),
    (35, 'Explore Universal Studios', 'Entertainment'),
    (36, 'Relax at Lake Eola Park', 'Outdoor'),

    -- Dallas
    (37, 'Visit the Sixth Floor Museum', 'Historical'),
    (38, 'Explore the Dallas Arboretum', 'Outdoor'),
    (39, 'Visit the Perot Museum of Nature and Science', 'Cultural'),

    -- Columbus
    (40, 'Explore the Columbus Zoo and Aquarium', 'Cultural'),
    (41, 'Visit COSI Columbus', 'Education'),
    (42, 'Relax at Franklin Park Conservatory', 'Outdoor'),

    -- Charlotte
    (43, 'Visit the NASCAR Hall of Fame', 'Cultural'),
    (44, 'Explore Freedom Park', 'Outdoor'),
    (45, 'Visit the U.S. National Whitewater Center', 'Outdoor'),

    -- San Francisco
    (46, 'Visit Alcatraz Island', 'Sightseeing'),
    (47, 'Explore Golden Gate Park', 'Outdoor'),
    (48, 'Walk across the Golden Gate Bridge', 'Sightseeing'),

    -- Indianapolis
    (49, 'Visit the Indianapolis Motor Speedway', 'Cultural'),
    (50, 'Explore White River State Park', 'Outdoor'),
    (51, 'Visit the Indianapolis Museum of Art', 'Cultural'),

    -- Seattle
    (52, 'Visit the Space Needle', 'Sightseeing'),
    (53, 'Explore Pike Place Market', 'Cultural'),
    (54, 'Take a ferry to Bainbridge Island', 'Sightseeing'),

    -- Denver
    (55, 'Visit the Denver Art Museum', 'Cultural'),
    (56, 'Explore Red Rocks Park and Amphitheatre', 'Outdoor'),
    (57, 'Ski in the Rocky Mountains', 'Outdoor'),

    -- Washington D.C.
    (58, 'Visit the National Mall', 'Historical'),
    (59, 'Explore the Smithsonian Museums', 'Cultural'),
    (60, 'Tour the U.S. Capitol', 'Historical'),

    -- Boston
    (61, 'Walk the Freedom Trail', 'Historical'),
    (62, 'Visit the Boston Museum of Fine Arts', 'Cultural'),
    (63, 'Explore Boston Common', 'Outdoor'),

    -- El Paso
    (64, 'Visit the El Paso Museum of Art', 'Cultural'),
    (65, 'Explore the Franklin Mountains State Park', 'Outdoor'),
    (66, 'Visit the El Paso Zoo', 'Cultural'),

    -- Nashville
    (67, 'Visit the Country Music Hall of Fame', 'Cultural'),
    (68, 'Experience live music on Broadway', 'Entertainment'),
    (69, 'Explore the Parthenon in Centennial Park', 'Historical'),

    -- Detroit
    (70, 'Visit the Henry Ford Museum', 'Cultural'),
    (71, 'Explore Belle Isle Park', 'Outdoor'),
    (72, 'Visit the Detroit Institute of Arts', 'Cultural'),

    -- Las Vegas
    (73, 'Visit the Las Vegas Strip', 'Entertainment'),
    (74, 'See a Cirque du Soleil Show', 'Entertainment'),
    (75, 'Explore Red Rock Canyon', 'Outdoor'),

    -- Portland
    (76, 'Visit the Portland Art Museum', 'Cultural'),
    (77, 'Explore Washington Park', 'Outdoor'),
    (78, 'Visit the Oregon Zoo', 'Cultural'),

    -- Memphis
    (79, 'Visit Graceland', 'Cultural'),
    (80, 'Explore Beale Street', 'Entertainment'),
    (81, 'Visit the National Civil Rights Museum', 'Cultural'),

    -- Oklahoma City
    (82, 'Visit the National Cowboy & Western Heritage Museum', 'Cultural'),
    (83, 'Explore Myriad Botanical Gardens', 'Outdoor'),
    (84, 'Visit the Oklahoma City National Memorial', 'Historical'),

    -- Louisville
    (85, 'Visit the Muhammad Ali Center', 'Cultural'),
    (86, 'Explore the Louisville Mega Cavern', 'Entertainment'),
    (87, 'Experience the Kentucky Derby', 'Cultural'),

    -- Baltimore
    (88, 'Visit the National Aquarium', 'Cultural'),
    (89, 'Explore Fort McHenry', 'Historical'),
    (90, 'Visit the Baltimore Museum of Art', 'Cultural');

-- Insertion for Destination
INSERT INTO Destination (destination_id, city, [state], airport_id) VALUES
   (1, 'New York City', 'New York', 'JFK'),
   (2, 'Los Angeles', 'California', 'LAX'),
   (3, 'Chicago', 'Illinois', 'ORD'),
   (4, 'Houston', 'Texas', 'IAH'),
   (5, 'Phoenix', 'Arizona', 'PHX'),
   (6, 'Philadelphia', 'Pennsylvania', 'PHL'),
   (7, 'San Antonio', 'Texas', 'SAT'),
   (8, 'San Diego', 'California', 'SAN'),
   (9, 'Miami', 'Florida', 'MIA'),
   (10, 'San Jose', 'California', 'SJC'),
   (11, 'Austin', 'Texas', 'AUS'),
   (12, 'Orlando', 'Florida', 'MCO'),
   (13, 'Dallas', 'Texas', 'DFW'),
   (14, 'Columbus', 'Ohio', 'CMH'),
   (15, 'Charlotte', 'North Carolina', 'CLT'),
   (16, 'San Francisco', 'California', 'SFO'),
   (17, 'Indianapolis', 'Indiana', 'IND'),
   (18, 'Seattle', 'Washington', 'SEA'),
   (19, 'Denver', 'Colorado', 'DEN'),
   (20, 'Washington', 'District of Columbia', 'IAD'),
   (21, 'Boston', 'Massachusetts', 'BOS'),
   (22, 'El Paso', 'Texas', 'ELP'),
   (23, 'Nashville', 'Tennessee', 'BNA'),
   (24, 'Detroit', 'Michigan', 'DTW'),
   (25, 'Las Vegas', 'Nevada', 'LAS'),
   (26, 'Portland', 'Oregon', 'PDX'),
   (27, 'Memphis', 'Tennessee', 'MEM'),
   (28, 'Oklahoma City', 'Oklahoma', 'OKC'),
   (29, 'Louisville', 'Kentucky', 'SDF'),
   (30, 'Baltimore', 'Maryland', 'BWI');

-- Insertion for Destination_Activity
INSERT INTO Destination_Activity (destination_id, activity_id, cost) VALUES
    (1, 1, 250), -- Visit the Statue of Liberty
    (1, 2, 0),   -- Explore Central Park
    (1, 3, 150), -- See a Broadway Show

    -- Los Angeles
    (2, 4, 200), -- Tour Hollywood Studios
    (2, 5, 0),   -- Relax at Santa Monica Beach
    (2, 6, 50),  -- Visit Griffith Observatory

    -- Chicago
    (3, 7, 25),  -- Visit the Art Institute of Chicago
    (3, 8, 0),   -- Explore Millennium Park
    (3, 9, 40),  -- Take an Architecture River Cruise

    -- Houston
    (4, 10, 100), -- Visit Space Center Houston
    (4, 11, 20),  -- Explore the Houston Museum District
    (4, 12, 0),   -- Relax in Hermann Park

    -- Phoenix
    (5, 13, 0),   -- Hike Camelback Mountain
    (5, 14, 30),  -- Visit the Desert Botanical Garden
    (5, 15, 20),  -- Explore the Heard Museum

    -- Philadelphia
    (6, 16, 0),   -- Visit the Liberty Bell
    (6, 17, 25),  -- Explore the Philadelphia Museum of Art
    (6, 18, 0),   -- Walk the Schuylkill River Trail

    -- San Antonio
    (7, 19, 0),   -- Visit the Alamo
    (7, 20, 0),   -- Explore the River Walk
    (7, 21, 30),  -- Visit the San Antonio Missions

    -- San Diego
    (8, 22, 0),   -- Relax at Balboa Park
    (8, 23, 60),  -- Visit the San Diego Zoo
    (8, 24, 0),   -- Explore La Jolla Cove

    -- Miami
    (9, 25, 0),   -- Relax at South Beach
    (9, 26, 20),  -- Explore Art Deco Historic District
    (9, 27, 18),  -- Visit Vizcaya Museum and Gardens

    -- San Jose
    (10, 28, 25), -- Visit the Tech Museum of Innovation
    (10, 29, 35), -- Explore the Winchester Mystery House
    (10, 30, 0),  -- Relax at Almaden Quicksilver County Park

    -- Austin
    (11, 31, 0),  -- Visit the Texas State Capitol
    (11, 32, 0),  -- Explore Lady Bird Lake
    (11, 33, 50), -- Experience live music on Sixth Street

    -- Orlando
    (12, 34, 150), -- Visit Walt Disney World
    (12, 35, 120), -- Explore Universal Studios
    (12, 36, 0),   -- Relax at Lake Eola Park

    -- Dallas
    (13, 37, 15),  -- Visit the Sixth Floor Museum
    (13, 38, 30),  -- Explore the Dallas Arboretum
    (13, 39, 20),  -- Visit the Perot Museum of Nature and Science

    -- Columbus
    (14, 40, 50),  -- Explore the Columbus Zoo and Aquarium
    (14, 41, 20),  -- Visit COSI Columbus
    (14, 42, 0),   -- Relax at Franklin Park Conservatory

    -- Charlotte
    (15, 43, 25),  -- Visit the NASCAR Hall of Fame
    (15, 44, 0),   -- Explore Freedom Park
    (15, 45, 40),  -- Visit the U.S. National Whitewater Center

    -- San Francisco
    (16, 46, 35),  -- Visit Alcatraz Island
    (16, 47, 0),   -- Explore Golden Gate Park
    (16, 48, 0),   -- Walk across the Golden Gate Bridge

    -- Indianapolis
    (17, 49, 25),  -- Visit the Indianapolis Motor Speedway
    (17, 50, 0),   -- Explore White River State Park
    (17, 51, 20),  -- Visit the Indianapolis Museum of Art

    -- Seattle
    (18, 52, 40),  -- Visit the Space Needle
    (18, 53, 0),   -- Explore Pike Place Market
    (18, 54, 0),   -- Take a ferry to Bainbridge Island

    -- Denver
    (19, 55, 20),  -- Visit the Denver Art Museum
    (19, 56, 0),   -- Explore Red Rocks Park and Amphitheatre
    (19, 57, 200), -- Ski in the Rocky Mountains

    -- Washington D.C.
    (20, 58, 0),   -- Visit the National Mall
    (20, 59, 0),   -- Explore the Smithsonian Museums
    (20, 60, 0),   -- Tour the U.S. Capitol

    -- Boston
    (21, 61, 0),   -- Walk the Freedom Trail
    (21, 62, 25),  -- Visit the Boston Museum of Fine Arts
    (21, 63, 0),   -- Explore Boston Common

    -- El Paso  
    (22, 64, 15),  -- Visit the El Paso Museum of Art
    (22, 65, 0),   -- Explore the Franklin Mountains State Park
    (22, 66, 10),  -- Visit the El Paso Zoo

    -- Nashville
    (23, 67, 30),  -- Visit the Country Music Hall of Fame
    (23, 68, 0),   -- Experience live music on Broadway
    (23, 69, 0),   -- Explore the Parthenon in Centennial Park

    -- Detroit
    (24, 70, 20),  -- Visit the Henry Ford Museum
    (24, 71, 0),   -- Explore Belle Isle Park
    (24, 72, 15),  -- Visit the Detroit Institute of Arts

    -- Las Vegas
    (25, 73, 0),   -- Visit the Las Vegas Strip
    (25, 74, 100), -- See a Cirque du Soleil Show
    (25, 75, 0),   -- Explore Red Rock Canyon

    -- Portland 
    (26, 76, 25),  -- Visit the Portland Art Museum
    (26, 77, 0),   -- Explore Washington Park
    (26, 78, 18),  -- Visit the Oregon Zoo

    -- Memphis
    (27, 79, 40),  -- Visit Graceland
    (27, 80, 0),   -- Explore Beale Street
    (27, 81, 25),  -- Visit the National Civil Rights Museum

    -- Oklahoma City
    (28, 82, 20),  -- Visit the National Cowboy & Western Heritage Museum
    (28, 83, 0),   -- Explore Myriad Botanical Gardens
    (28, 84, 0),   -- Visit the Oklahoma City National Memorial

    -- Louisville
    (29, 85, 15),  -- Visit the Muhammad Ali Center
    (29, 86, 30),  -- Explore the Louisville Mega Cavern
    (29, 87, 120), -- Experience the Kentucky Derby

    -- Baltimore
    (30, 88, 25),  -- Visit the National Aquarium
    (30, 89, 0),   -- Explore Fort McHenry
    (30, 90, 20);  -- Visit the Baltimore Museum of Art

-- Insertion for Review
INSERT INTO Review (review_id, destination_id, user_id, star_rating, comment) VALUES
    -- New York City, New York
    (1, 1, 1, '5', 'Amazing experience in New York! The hotel was fantastic, and the food options were endless.'),
    (2, 1, 2, '2', 'Flight delays were frustrating, and the hotel did not meet my expectations.'),
    (3, 1, 3, '4', 'Loved the Broadway shows! Wish my hotel was closer to Times Square.'),
    
    -- Los Angeles, California
    (4, 2, 4, '5', 'Hollywood was a blast! Our hotel had a stunning view, but the flight was tiring.'),
    (5, 2, 5, '3', 'Great weather, but the hotel staff were unhelpful. Traffic was a nightmare!'),
    (6, 2, 6, '4', 'The Griffith Observatory is a must-see, but my return flight was exhausting.'),
    
    -- Chicago, Illinois
    (7, 3, 7, '5', 'The Art Institute is a must-visit! The hotel was cozy and well-located.'),
    (8, 3, 8, '3', 'Millennium Park is nice, but the hotel was undergoing renovations.'),
    (9, 3, 9, '5', 'The architecture cruise was the highlight! Great hotel staff made the stay enjoyable.'),
    
    -- Houston, Texas
    (10, 4, 10, '4', 'Space Center was fascinating, but my flight was delayed. Hotel was decent.'),
    (11, 4, 11, '3', 'Museum District was great, but my hotel room was cramped.'),
    (12, 4, 12, '2', 'Hermann Park was lovely, but the hotel had booking issues.'),
    
    -- Phoenix, Arizona
    (13, 5, 13, '5', 'Camelback Mountain hike was beautiful! Hotel staff were super friendly.'),
    (14, 5, 14, '4', 'Desert Botanical Garden is stunning, but my flight was late.'),
    (15, 5, 15, '3', 'Heard Museum had great exhibits, but the hotel cleanliness was lacking.'),
    
    -- Philadelphia, Pennsylvania
    (16, 6, 16, '5', 'Liberty Bell is a must-see! Loved the hotel location and service.'),
    (17, 6, 17, '3', 'Art museum is great, but my flight was bumpy and the hotel was overpriced.'),
    (18, 6, 18, '4', 'Schuylkill River Trail is perfect for jogging, but my hotel was far from attractions.'),
    
    -- San Antonio, Texas
    (19, 7, 19, '4', 'Alamo is breathtaking! Enjoyed my hotel stay, but the flight was delayed.'),
    (20, 7, 20, '3', 'River Walk was beautiful, but my hotel was noisy at night.'),
    (21, 7, 21, '5', 'The missions were fascinating! Had a pleasant stay at the hotel.'),
    
    -- San Diego, California
    (22, 8, 22, '5', 'Balboa Park was stunning! Great hotel experience and service.'),
    (23, 8, 23, '4', 'San Diego Zoo is impressive, but my flight was too long.'),
    (24, 8, 24, '3', 'La Jolla Cove is beautiful, but my hotel had cleanliness issues.'),
    
    -- Miami, Florida
    (25, 9, 25, '5', 'South Beach was lively! My hotel was amazing, but the flight was delayed.'),
    (26, 9, 26, '4', 'Art Deco architecture is a must-see, but my hotel was a bit far from the beach.'),
    (27, 9, 27, '2', 'Vizcaya Museum was beautiful, but my hotel was terrible and the staff were rude.'),
    
    -- San Jose, California
    (28, 10, 28, '4', 'Tech Museum was fun! Flight was good, and hotel was convenient.'),
    (29, 10, 29, '5', 'Winchester Mystery House was fascinating! Enjoyed the hotel amenities.'),
    (30, 10, 30, '3', 'Almaden Quicksilver County Park was nice, but my hotel had noise issues.'),
    
    -- Austin, Texas
    (31, 11, 31, '5', 'Capitol building is stunning! Great hotel and friendly staff.'),
    (32, 11, 32, '4', 'Lady Bird Lake was perfect for kayaking, but the flight was long and tiring.'),
    (33, 11, 33, '3', 'Sixth Street live music was fun, but the hotel had a strange odor.'),
    
    -- Orlando, Florida
    (34, 12, 34, '5', 'Disney World was magical! The hotel was close to all attractions.'),
    (35, 12, 35, '4', 'Universal Studios was thrilling! Flight was fine, but my hotel was busy.'),
    (36, 12, 36, '2', 'Lake Eola Park is lovely, but my hotel had bugs! Never going back.'),
    
    -- Dallas, Texas
    (37, 13, 37, '5', 'Sixth Floor Museum is well done! Enjoyed my hotel stay.'),
    (38, 13, 38, '4', 'Dallas Arboretum is beautiful, but my flight was delayed.'),
    (39, 13, 39, '3', 'Perot Museum was fun, but the hotel was subpar.'),
    
    -- Columbus, Ohio
    (40, 14, 40, '5', 'Columbus Zoo was a highlight! Hotel was great too.'),
    (41, 14, 41, '3', 'COSI is educational, but my hotel was too far from everything.'),
    (42, 14, 42, '2', 'Franklin Park Conservatory was nice, but the hotel had awful service.'),
    
    -- Charlotte, North Carolina
    (43, 15, 43, '5', 'NASCAR Hall of Fame is fun! Loved my hotel experience!'),
    (44, 15, 44, '4', 'Freedom Park is great for a walk, but my flight was long.'),
    (45, 15, 45, '3', 'U.S. National Whitewater Center is thrilling, but my hotel was crowded.'),
    
    -- San Francisco, California
    (46, 16, 46, '5', 'Alcatraz was fascinating! Hotel was excellent and well-located.'),
    (47, 16, 47, '4', 'Golden Gate Park is beautiful, but the flight was long.'),
    (48, 16, 48, '3', 'Walking the Golden Gate Bridge was cool, but hotel staff were rude.'),
    
    -- Indianapolis, Indiana
    (49, 17, 49, '4', 'Motor Speedway is a must for racing fans! Hotel was okay.'),
    (50, 17, 50, '5', 'White River State Park is beautiful! Had a great time.'),
    (51, 17, 51, '2', 'Indianapolis Museum of Art had great exhibits, but the hotel was dirty.'),
    
    -- Seattle, Washington
    (52, 18, 52, '5', 'Space Needle has stunning views! My hotel was fantastic.'),
    (53, 18, 53, '4', 'Pike Place Market is lively, but my flight was delayed.'),
    (54, 18, 54, '3', 'Taking the ferry to Bainbridge Island was nice, but hotel service was lacking.'),
    
    -- Denver, Colorado
    (55, 19, 55, '5', 'Denver Art Museum was amazing! Hotel had a great location.'),
    (56, 19, 56, '4', 'Red Rocks Park is perfect for hiking. My flight was smooth.'),
    (57, 19, 57, '3', 'Skiing in the Rockies was fun, but my hotel was overpriced.'),
    
    -- Washington D.C.
    (58, 20, 58, '5', 'National Mall is breathtaking! The hotel was close to all attractions.'),
    (59, 20, 59, '4', 'Smithsonian Museums are educational, but my flight was late.'),
    (60, 20, 60, '3', 'Touring the U.S. Capitol was interesting, but hotel staff were rude.'),
    
    -- Boston, Massachusetts
    (61, 21, 61, '5', 'Walking the Freedom Trail was informative! Great hotel and amenities.'),
    (62, 21, 62, '4', 'Museum of Fine Arts is beautiful. Flight was tiring.'),
    (63, 21, 63, '3', 'Boston Common is nice, but my hotel room was small.'),
    
    -- El Paso, Texas
    (64, 22, 64, '5', 'Scenic views at Franklin Mountains State Park! My hotel was great.'),
    (65, 22, 65, '3', 'El Paso Museum of Art is interesting, but the hotel could be cleaner.'),
    (66, 22, 66, '2', 'Flight was delayed and the hotel had poor service.'),
    
    -- Nashville, Tennessee
    (67, 23, 67, '5', 'Live music on Broadway was a highlight! Great hotel experience.'),
    (68, 23, 68, '4', 'Country Music Hall of Fame is fantastic. My flight was fine.'),
    (69, 23, 69, '3', 'The Parthenon is interesting, but the hotel was noisy.'),
    
    -- Detroit, Michigan
    (70, 24, 70, '5', 'Motown Museum was fantastic! Hotel was convenient.'),
    (71, 24, 1, '4', 'Henry Ford Museum is interesting, but my flight was late.'),
    (72, 24, 2, '3', 'Belle Isle Park is nice, but the hotel had rude staff.'),
    
    -- Las Vegas, Nevada
    (73, 25, 3, '5', 'The Strip is incredible! Enjoyed my hotel stay!'),
    (74, 25, 4, '4', 'Casino experience was thrilling. My flight was smooth.'),
    (75, 25, 5, '2', 'Shows were fun, but the hotel had issues with service.'),
    
    -- Portland, Oregon
    (76, 26, 6, '5', 'The food scene is amazing! Loved my hotel!'),
    (77, 26, 7, '4', 'Washington Park is beautiful, but my flight was delayed.'),
    (78, 26, 8, '3', 'Powell’s City of Books was cool, but the hotel was noisy.'),
    
    -- Memphis, Tennessee
    (79, 27, 9, '5', 'Graceland was incredible! Enjoyed the hotel amenities.'),
    (80, 27, 10, '4', 'Beale Street is lively, but my flight was long.'),
    (81, 27, 11, '3', 'National Civil Rights Museum is educational, but my hotel was small.'),
    
    -- Oklahoma City, Oklahoma
    (82, 28, 12, '5', 'Bricktown is fun! Great hotel experience.'),
    (83, 28, 13, '4', 'My flight was smooth, but the hotel was a bit far from the action.'),
    (84, 28, 14, '3', 'Oklahoma City National Memorial is touching, but my hotel was outdated.'),
    
    -- Louisville, Kentucky
    (85, 29, 15, '5', 'Kentucky Derby is thrilling! Great hotel and food.'),
    (86, 29, 16, '4', 'Louisville Slugger Museum is fun, but my flight was tiring.'),
    (87, 29, 17, '3', 'The Big Four Bridge is great, but my hotel was noisy.'),
    
    -- Baltimore, Maryland
    (88, 30, 18, '5', 'Inner Harbor is beautiful! Had a great stay at the hotel!'),
    (89, 30, 19, '4', 'National Aquarium is worth visiting. My flight was long but enjoyable.'),
    (90, 30, 20, '3', 'Fort McHenry is historic, but my hotel needed updating.');

-- Insertion for Hotel
INSERT INTO Hotel (hotel_id, destination_id, name, price_range) VALUES 
    (1, 1, 'The Plaza Hotel', '$$$'),
    (2, 1, 'Holiday Inn Express Manhattan Times Square', '$$'),
    (3, 1, 'Hotel Pennsylvania', '$'),
    (4, 2, 'The Beverly Hills Hotel', '$$$'),
    (5, 2, 'Hilton Los Angeles Airport', '$$'),
    (6, 2, 'Super 8 by Wyndham Los Angeles', '$'),
    (7, 3, 'The Langham Chicago', '$$$'),
    (8, 3, 'Hampton Inn Chicago Downtown/N Loop/Michigan Ave', '$$'),
    (9, 3, 'Travelodge by Wyndham Downtown Chicago', '$'),
    (10, 4, 'The Post Oak Hotel at Uptown Houston', '$$$'),
    (11, 4, 'Hilton Houston Plaza/Medical Center', '$$'),
    (12, 4, 'Motel 6 Houston Medical Center', '$'),
    (13, 5, 'The Phoenician - a Luxury Collection Resort', '$$$'),
    (14, 5, 'Hampton Inn Phoenix Airport North', '$$'),
    (15, 5, 'Red Roof PLUS+ Phoenix West', '$'),
    (16, 6, 'The Rittenhouse Hotel', '$$$'),
    (17, 6, 'Hilton Philadelphia at Penn''s Landing', '$$'),
    (18, 6, 'Days Inn by Wyndham Philadelphia Convention Center', '$'),
    (19, 7, 'Mokara Hotel & Spa', '$$$'),
    (20, 7, 'Drury Inn & Suites San Antonio Riverwalk', '$$'),
    (21, 7, 'La Quinta Inn by Wyndham San Antonio Market Square', '$'),
    (22, 8, 'Hotel del Coronado', '$$$'),
    (23, 8, 'Hyatt Regency La Jolla', '$$'),
    (24, 8, 'Motel 6 San Diego Downtown', '$'),
    (25, 9, 'Four Seasons Hotel Miami', '$$$'),
    (26, 9, 'Hilton Miami Downtown', '$$'),
    (27, 9, 'Red Roof PLUS+ Miami Airport', '$'),
    (28, 10, 'The Fairmont San Jose', '$$$'),
    (29, 10, 'Hilton San Jose', '$$'),
    (30, 10, 'Motel 6 San Jose Airport Central', '$'),
    (31, 11, 'The Driskill', '$$$'),
    (32, 11, 'Hampton Inn & Suites Austin-Downtown', '$$'),
    (33, 11, 'Motel 6 Austin Central-North', '$'),
    (34, 12, 'Four Seasons Resort Orlando at Walt Disney World', '$$$'),
    (35, 12, 'Hilton Orlando Buena Vista Palace', '$$'),
    (36, 12, 'Days Inn by Wyndham Orlando Conv. Center/International Dr', '$'),
    (37, 13, 'The Ritz-Carlton - Dallas', '$$$'),
    (38, 13, 'Hilton Garden Inn Downtown Dallas', '$$'),
    (39, 13, 'Motel 6 Dallas Downtown', '$'),
    (40, 14, 'Hotel LeVeque - Autograph Collection', '$$$'),
    (41, 14, 'Hyatt Regency Columbus', '$$'),
    (42, 14, 'Motel 6 Columbus West', '$'),
    (43, 15, 'The Ballantyne - A Luxury Collection Hotel - Charlotte', '$$$'),
    (44, 15, 'Embassy Suites by Hilton Charlotte', '$$'),
    (45, 15, 'Motel 6 Charlotte University', '$'),
    (46, 16, 'Fairmont San Francisco', '$$$'),
    (47, 16, 'Hilton San Francisco Union Square', '$$'),
    (48, 16, 'Travelodge by Wyndham San Francisco Bay', '$'),
    (49, 17, 'Conrad Indianapolis', '$$$'),
    (50, 17, 'Hilton Garden Inn Indianapolis Downtown', '$$'),
    (51, 17, 'Motel 6 Indianapolis Airport', '$'),
    (52, 18, 'Fairmont Olympic Hotel', '$$$'),
    (53, 18, 'Hyatt at Olive 8', '$$'),
    (54, 18, 'Motel 6 Seattle Airport', '$'),
    (55, 19, 'The Ritz-Carlton - Denver', '$$$'),
    (56, 19, 'Hilton Denver City Center', '$$'),
    (57, 19, 'Motel 6 Denver Central - Federal Blvd', '$'),
    (58, 20, 'The Willard InterContinental Washington D.C.', '$$$'),
    (59, 20, 'Hilton Washington D.C. Capitol Hill', '$$'),
    (60, 20, 'Red Roof PLUS+ Washington DC', '$'),
    (61, 21, 'Four Seasons Hotel Boston', '$$$'),
    (62, 21, 'Hyatt Regency Boston', '$$'),
    (63, 21, 'Motel 6 Boston - Danvers', '$'),
    (64, 22, 'The Biltmore Hotel', '$$$'),
    (65, 22, 'Hilton Miami Downtown', '$$'),
    (66, 22, 'Super 8 by Wyndham Miami', '$'),
    (67, 23, 'The Mandarin Oriental - New York', '$$$'),
    (68, 23, 'Hilton New York', '$$'),
    (69, 23, 'Econo Lodge Times Square', '$'),
    (70, 24, 'The Ritz-Carlton - Washington D.C.', '$$$'),
    (71, 24, 'Holiday Inn Washington-Capitol', '$$'),
    (72, 24, 'Motel 6 Washington D.C.', '$'),
    (73, 25, 'The Cosmopolitan of Las Vegas', '$$$'),
    (74, 25, 'Planet Hollywood Resort & Casino', '$$'),
    (75, 25, 'Motel 6 Las Vegas Tropicana', '$'),
    (76, 26, 'The Nines - a Luxury Collection Hotel - Portland', '$$$'),
    (77, 26, 'Embassy Suites by Hilton Portland Downtown', '$$'),
    (78, 26, 'Motel 6 Portland Downtown', '$'),
    (79, 27, 'The Peabody Memphis', '$$$'),
    (80, 27, 'Hilton Memphis', '$$'),
    (81, 27, 'Motel 6 Memphis Downtown', '$'),
    (82, 28, 'Skirvin Hilton Hotel', '$$$'),
    (83, 28, 'Hilton Garden Inn Oklahoma City Downtown', '$$'),
    (84, 28, 'Motel 6 Oklahoma City North Frontier City', '$'),
    (85, 29, '21c Museum Hotel Louisville', '$$$'),
    (86, 29, 'Hilton Garden Inn Louisville Downtown', '$$'),
    (87, 29, 'Motel 6 Louisville North', '$'),
    (88, 30, 'Four Seasons Hotel Baltimore', '$$$'),
    (89, 30, 'Hilton Baltimore Inner Harbor', '$$'),
    (90, 30, 'Motel 6 Baltimore Downtown', '$');

-- TABLE CSV INSERTIONS
-- must download locally then change file path
-- BULK INSERT Flight
-- FROM '/tmp/flight.csv'
-- WITH (
--     FIELDTERMINATOR = ',',
--     ROWTERMINATOR = '\n',
--     FIRSTROW = 2
-- );

BULK INSERT Itinerary
FROM '/tmp/itinerary.csv'
WITH (
    FIELDTERMINATOR = ',',
    ROWTERMINATOR = '\n',
    FIRSTROW = 2
);

BULK INSERT Itinerary_Picked_Hotel
FROM '/tmp/itinerary_picked_hotel.csv'
WITH (
    FIELDTERMINATOR = ',',
    ROWTERMINATOR = '\n',
    FIRSTROW = 2
);

BULK INSERT Itinerary_Picked_Activity
FROM '/tmp/itinerary_picked_activity.csv'
WITH (
    FIELDTERMINATOR = ',',
    ROWTERMINATOR = '\n',
    FIRSTROW = 2
);

BULK INSERT Trip
FROM '/tmp/trip.csv'
WITH (
    FIELDTERMINATOR = ',',
    ROWTERMINATOR = '\n',
    FIRSTROW = 2
);

-- These rows do not work 
-- ('ATL', 1036, '13:30:00', '16:00:00', 'Southwest', 'MCO')
-- ('JFK', 1003, '07:00:00', '09:30:00', 'United', 'LGA'),


INSERT INTO Flight (airport_id, flight_id, departure_time, arrival_time, airline, arrival_airport_id) VALUES
    
    ('JFK', 1001, '06:00:00', '08:30:00', 'Delta', 'PHL'),
    ('DFW', 1037, '14:00:00', '16:30:00', 'JetBlue', 'ORD'),
    ('DFW', 1038, '15:30:00', '18:00:00', 'Spirit', 'SDF'),
    ('DFW', 1039, '17:00:00', '19:30:00', 'Frontier', 'IAH'),
    ('CMH', 1041, '19:45:00', '22:15:00', 'Delta', 'CLT'),
    ('CLT', 1043, '07:00:00', '09:30:00', 'United', 'SEA'),
    ('IAD', 1044, '08:30:00', '11:00:00', 'Southwest', 'CLT'),
    ('JFK', 1002, '08:00:00', '10:30:00', 'American Airlines', 'ORD'),
    ('LAX', 1004, '09:30:00', '11:45:00', 'Southwest', 'PHX'),
    ('SFO', 1005, '05:45:00', '08:15:00', 'JetBlue', 'LAX'),
    ('LAX', 1006, '10:15:00', '12:45:00', 'Spirit', 'LAS'),
    ('ORD', 1007, '11:00:00', '13:30:00', 'Frontier', 'SEA'),
    ('LAX', 1008, '14:30:00', '17:00:00', 'Alaska', 'ORD'),
    ('ORD', 1009, '16:00:00', '18:30:00', 'Delta', 'PHX'),
    ('IAH', 1010, '18:15:00', '20:45:00', 'American Airlines', 'JFK'),
    ('IAH', 1011, '20:30:00', '23:00:00', 'United', 'MIA'),
    ('IAH', 1012, '22:00:00', '01:00:00', 'Southwest', 'ORD'),
    ('PHX', 1013, '09:00:00', '11:30:00', 'JetBlue', 'AUS'),
    ('PHX', 1014, '10:30:00', '13:00:00', 'Spirit', 'LAX'),
    ('PHX', 1015, '11:45:00', '14:45:00', 'Frontier', 'DEN'),
    ('PHL', 1016, '13:15:00', '16:00:00', 'Alaska', 'SAT'),
    ('PHL', 1017, '07:45:00', '10:15:00', 'Delta', 'JFK'),
    ('PHL', 1018, '06:30:00', '09:00:00', 'American Airlines', 'SAT'),
    ('SAT', 1019, '09:15:00', '11:45:00', 'United', 'PHL'),
    ('SAT', 1020, '14:45:00', '17:15:00', 'Southwest', 'SAN'),
    ('LAX', 1021, '09:30:00', '12:00:00', 'JetBlue', 'DFW'),
    ('LAS', 1022, '08:00:00', '10:30:00', 'Spirit', 'SAN'),
    ('SAN', 1023, '12:30:00', '14:45:00', 'Frontier', 'PHX'),
    ('MIA', 1026, '20:00:00', '22:30:00', 'American Airlines', 'IAH'),
    ('MIA', 1027, '06:15:00', '08:45:00', 'United', 'MCO'),
    ('SJC', 1030, '18:45:00', '21:00:00', 'Spirit', 'SFO'),
    ('AUS', 1031, '06:00:00', '08:30:00', 'Frontier', 'PHX'),
    ('SFO', 1046, '11:00:00', '13:30:00', 'Spirit', 'MCO'),
    ('SFO', 1047, '12:30:00', '15:00:00', 'Frontier', 'SJC'),
    ('SEA', 1052, '08:00:00', '10:30:00', 'Southwest', 'BWI'),
    ('SEA', 1053, '09:30:00', '12:00:00', 'JetBlue', 'PDX'),
    ('SEA', 1054, '10:30:00', '13:00:00', 'JetBlue', 'SFO'),
    ('DEN', 1056, '14:00:00', '16:30:00', 'Alaska', 'DFW'),
    ('DEN', 1057, '15:30:00', '18:00:00', 'Delta', 'OKC'),
    ('IAD', 1058, '17:00:00', '19:30:00', 'American Airlines', 'LAX'),
    ('IAD', 1060, '08:00:00', '10:30:00', 'Southwest', 'BNA'),
    ('BOS', 1061, '09:30:00', '12:00:00', 'JetBlue', 'JFK'),
    ('BOS', 1062, '11:00:00', '13:30:00', 'Spirit', 'IND'),
    ('BWI', 1089, '15:30:00', '18:00:00', 'Delta', 'OKC'),
    ('PDX', 1076, '08:00:00', '10:30:00', 'Southwest', 'SFO');
